{
  "additionalFiles": "",
  "builtInLibrariesFolders": "/home/vakhaib/.arduino15/libraries",
  "builtInToolsFolders": "",
  "compiler.optimization_flags": "",
  "customBuildProperties": "",
  "fqbn": "MiniCore:avr:328:bootloader=uart0,eeprom=keep,variant=modelP,BOD=2v7,LTO=Os,clock=16MHz_external",
  "hardwareFolders": "/home/vakhaib/.arduino15/packages",
  "otherLibrariesFolders": "/home/vakhaib/Arduino/libraries",
  "sketchLocation": "/tmp/.arduinoIDE-unsaved2023718-94803-1e0teog.kj3k/sketch_aug18a"
}